<?xml version="1.0"?>
<QuestsDefinitions
     level="map1"
     pxsl_line="3">
    <!-- Placeholder quest -->
    <Quest
         name="placeholder_quest"
         final="false"
         pxsl_line="5">
        <!-- Player Setup or map setup. player iventory, time of day, weather, etc -->
        <Phase
             type="player control"
             name="_"
             block_hook="true"
             pxsl_line="7" />
    </Quest>
    <Quest
         name="quest1"
         parent="placeholder_quest"
         level="map2"
         final="false"
         pxsl_line="10">
        <Phase
             type="AND"
             name="_"
             objective="&amp;quest1_Desc&amp;"
             pxsl_line="11">
            <Path
                 pxsl_line="11">
                <Phase
                     type="go to"
                     name="_"
                     show_locations="true"
                     pxsl_line="12">
                    <Destination
                         pxsl_line="12">
                        <QuestObject
                             class="SensorGoTo"
                             name="sensor_finish_quest_one"
                             pxsl_line="12" />
                    </Destination>
                </Phase>
                <!-- ,goto _ MapPortal portal_to_one -distance=1 -->
            </Path>
        </Phase>
    </Quest>
    <Quest
         name="EndGame"
         parent="quest2"
         final="true"
         pxsl_line="16">
        <Phase
             type="AND"
             name="_"
             objective="&amp;EndGame_Desc&amp;"
             pxsl_line="17">
            <Path
                 pxsl_line="17">
                <Phase
                     type="go to"
                     name="_"
                     show_locations="true"
                     pxsl_line="18">
                    <Destination
                         pxsl_line="18">
                        <QuestObject
                             class="SensorGoTo"
                             name="sensor_end_game"
                             pxsl_line="18" />
                    </Destination>
                </Phase>
            </Path>
        </Phase>
    </Quest>
</QuestsDefinitions>
