<documents>
	<document path="data/maps/map1/map1.map">
		<docksite id="0000000000000000" data="">
			<view name="map1" location="-1" float_rc="0;0;0;0" data="41;1.000000;-0.061973;0.000000;-0.998078;-0.694931;0.717780;0.043150;0.716401;0.696270;-0.044483;45.162098;24.425074;11.947077;0.100000;500.000000;"/>
		</docksite>
	</document>
	<document path="data/maps/map2/map2.map">
		<docksite id="0000000000000000" data="">
			<view name="map2" location="-1" float_rc="0;0;0;0" data="41;1.000000;-0.016352;0.000000;0.999866;0.639344;0.768850;0.010456;-0.768747;0.639430;-0.012572;-40.865036;19.085846;12.428279;0.100000;500.000000;"/>
		</docksite>
	</document>
	<document path="data/maps/old_town/old_town.map">
		<docksite id="0000000000000000" data="">
			<view name="old_town" location="-1" float_rc="0;0;0;0" data="41;1.000000;0.999578;0.000000;0.029048;0.005713;0.980466;-0.196607;-0.028480;0.196690;0.980052;38.530956;37.954060;-36.823536;0.100000;500.000000;"/>
		</docksite>
	</document>
	<document path="data/quests/map1/map1.pxsl">
		<docksite id="0000000000000000" data="">
			<view name="map1.pxsl" location="-1" float_rc="0;0;0;0" data=""/>
		</docksite>
	</document>
	<document path="data/quests/map1/map1_.pxsl">
		<docksite id="0000000000000000" data="">
			<view name="map1_.pxsl" location="-1" float_rc="0;0;0;0" data=""/>
		</docksite>
	</document>
	<document path="data/quests/map2/map2.pxsl">
		<docksite id="0000000000000000" data="">
			<view name="map2.pxsl" location="-1" float_rc="0;0;0;0" data=""/>
		</docksite>
	</document>
	<document path="data/quests/map2/map2_.pxsl">
		<docksite id="0000000000000000" data="">
			<view name="map2_.pxsl" location="-1" float_rc="0;0;0;0" data=""/>
		</docksite>
	</document>
</documents>

